name,decision,single_from_km,single_to_km,km_from,note
Camnago-Lentate - Seveso,binario unico,0.5,2.1,Camnago-Lentate,rilievo 2026-09-30: binario unico; un secondo binario e' in costruzione ma non ancora terminato fino a Seveso
Busto Arsizio - Busto Arsizio Nord,binario unico,0.0,0.5,Busto Arsizio,rilievo 2026-09-30: raccordo X a binario unico fra Busto Arsizio FS e Busto Arsizio Nord; estensione da OSM
Laveno Mombello - Sangiano,binario unico,0.0,3.3,Laveno Mombello,"rilievo 2026-09-30: binario unico per tutta la tratta; i due binari paralleli all'uscita di Laveno sono due linee diverse a binario unico, una verso Sangiano e una verso Leggiuno"
Bergamo - Seriate,binario unico,0.0,4.0,Bergamo,"rilievo 2026-09-30: binario unico dall'uscita di Bergamo, e cosi' fino a Rovato dove la linea si unisce alla Milano-Venezia; il doppio binario OSM dei primi 3,3 km e' la linea per Treviglio che corre accanto"
Torreberetti - Valenza,doppio binario,,,Torreberetti,"rilievo 2026-09-30: doppio binario per tutta la tratta; la linea a binario unico da Pavia si immette a Torreberetti nella linea a doppio binario da Novara; il tratto singolo di OSM prima di Valenza non e' di corsa"
Acquanegra Cremonese - Cremona,gia' corretta,,,Acquanegra Cremonese,"rilievo 2026-09-30: binario unico da Acquanegra Cremonese a Cava Tigozzi, doppio da Cava Tigozzi a Cremona; la rete ha gia' Cava Tigozzi come nodo con Acquanegra - Cava Tigozzi a 1 binario e Cava Tigozzi - Cremona a 2"
Iseo - Brescia,binario unico,0.0,31.8,Iseo,"rilievo 2026-09-30: tutta la linea Brescia - Iseo - Edolo e' a binario unico e non elettrificata; stazioni, deviatoi e binari gia' definiti nei nodi"
Palazzolo Sull'Oglio - Brescia,binario unico fino a Rovato,0.1,9.4,Palazzolo Sull'Oglio,"rilievo 2026-09-30 (risposta su Bergamo - Seriate): binario unico fino a Rovato, poi doppio sulla Milano - Venezia fino a Brescia; estensione da OSM, concorde"
Monza - Sesto S.Giovanni,doppio binario per senso,,,Monza,"rilievo 2026-09-30: due binari per senso di marcia; il binario singolo di OSM all'uscita di Monza e' quello dedicato della Monza - Molteno, a binario unico fino a Molteno e separato dalla Milano - Lecco"
Monza - Milano Centrale,come oggi nella rete,,,Monza,"rilievo 2026-09-30: il binario singolo di OSM all'uscita di Monza e' quello della Monza - Molteno"
Monza - Lecco,come oggi nella rete,,,Monza,"rilievo 2026-09-30: il binario singolo di OSM all'uscita di Monza e' quello della Monza - Molteno"
Monza - Calolziocorte Olginate,come oggi nella rete,,,Monza,"rilievo 2026-09-30: il binario singolo di OSM all'uscita di Monza e' quello della Monza - Molteno"
Seregno - Desio,doppio binario,,,Seregno,"rilievo 2026-09-30: due binari da Seregno verso Desio; il binario singolo di OSM all'uscita di Seregno e' quello della Seregno - Carnate verso Macherio-Sovico, servita dalla nuova R15 Seregno - Carnate, assente dall'orario caricato"
Tratte verso Calolziocorte-Olginate (da Carnate/Cernusco/Airuno/Lecco/Lecco Maggianico/Vercurago/Monza),come oggi nella rete,,,,"rilievo 2026-09-30: la Milano - Lecco e' a doppio binario; il binario singolo di OSM e' la linea Lecco - Brescia (via Ponte San Pietro) che entra da sud a binario unico e a Calolziocorte-Olginate si immette nei due binari verso Lecco"
Arcore - Carnate Usmate,doppio binario,,,Arcore,"rilievo 2026-09-30: doppio binario; il binario singolo di OSM prima di Carnate e' la Seregno - Carnate (R15) che vi si immette"
Camnago-Lentate - Seregno,doppio binario,,,Camnago-Lentate,"rilievo 2026-09-30: tutta a doppio binario sulla Milano - Chiasso"
Broni - Stradella,doppio binario,,,Broni,"rilievo 2026-09-30: doppio binario per tutta la tratta"
Valenza - Valmadonna,doppio binario,,,Valenza,"rilievo 2026-09-30: doppio binario per tutta la tratta"
Cesano Maderno - Ceriano Laghetto-Solaro,binario unico fino a PM Groane,0.0,1.9,Cesano Maderno,"rilievo 2026-09-27: doppio binario da Saronno fino a PM Groane, dove ci sono tre binari di incrocio; binario unico da PM Groane verso Seregno; posizione di PM Groane da OSM (km 1,9 da Cesano), tratto singolo OSM 0,0-1,6"
Bisuschio Viggiu' - Arcisate,doppio binario con bivio P.M. Bevera,,,Bisuschio Viggiu',"rilievo 2026-09-30: P.M. Bevera (km 2,3 da Bisuschio, OSM) e' il bivio dove si uniscono la linea da Porto Ceresio e quella da Mendrisio; due binari per ciascuna linea, che proseguono in due binari verso Arcisate. La rete oggi conta la tratta a binario unico"
Induno Olona - Varese,binario unico da P.P. Induno,0.9,3.6,Induno Olona,"rilievo 2026-09-30: a P.P. Induno (km 0,9 da Induno Olona, OSM) i due binari che arrivano da nord si uniscono in un solo binario verso sud, singolo fino alla stazione di Varese"
P.M. Albate,nessun nodo,,,,"rilievo 2026-09-30: zona di deposito con molti binari, corrisponde alla vecchia stazione di Albate-Camerlata, chiusa e unificata a Como Camerlata; non e' un punto di incrocio della linea"
Linea Como - Lecco (Cantu' e Albate-Trecallo - Como Camerlata),binario unico,,,,"rilievo 2026-09-30: tutta la linea a binario unico, con incroci solo in alcune stazioni; come oggi nella rete"
Tortona - Pozzolo Formigaro,doppio fino a Bivio Pozzolo F.,9.3,14.0,Tortona,"rilievo 2026-09-30: doppio binario da Tortona a Bivio/PC Tortona (km 1,4, OSM), dove la linea si innesta in quella per Alessandria ed entra a Tortona con due binari; doppio da Bivio/PC Tortona a Bivio Pozzolo F. (km 9,3, OSM); binario unico da Bivio Pozzolo F. a Pozzolo Formigaro; poi di nuovo doppio fino a Novi Ligure. La rete oggi conta tutta la tratta a binario unico"
Cadenazzo - Riazzino,binario unico dopo Cadenazzo Ovest,1.6,5.4,Cadenazzo,"rilievo 2026-09-30: due binari da Cadenazzo al bivio Cadenazzo Ovest (km 1,6 da Cadenazzo, OSM), da li' un binario unico verso Locarno"
Cadenazzo - Quartino,doppio dopo Cadenazzo Ovest,1.7,4.5,Cadenazzo,"rilievo 2026-09-30: al bivio Cadenazzo Ovest (km 1,7 da Cadenazzo, OSM) partono due binari verso Luino; la rete oggi conta la tratta a binario unico"
Seregno - Carnate (linea della R15),binario unico,,,Seregno,"rilievo 2026-09-30: tutta a binario unico da capolinea a capolinea, con incroci solo in alcune stazioni; linea e R15 assenti da orario e rete"
Seregno - Monza,come oggi nella rete,,,Seregno,"rilievo 2026-09-30: il binario singolo di OSM all'uscita di Seregno e' quello della Seregno - Carnate (R15)"
Magadino-Vira - S.Nazzaro,binario unico,,,Magadino-Vira,"rilievo 2026-10-02: binario unico, come oggi nella rete; il posto di servizio OSM coincide con la stazione, nessun nodo in piu'"
Treviglio Ovest - Treviglio,binario unico,,,Treviglio Ovest,"rilievo 2026-10-02: binario unico; tratta finora senza numero di binari"
Lungavilla - Voghera,doppio binario,,,Lungavilla,"rilievo 2026-10-02: due binari; tratta finora senza numero di binari"
Chiasso - Balerna,doppio binario,,,Chiasso,"rilievo 2026-10-02: due binari; tratta finora senza numero di binari"
Balerna - Mendrisio,doppio binario,,,Balerna,"rilievo 2026-10-02: due binari; tratta finora senza numero di binari"
Chiasso - Mendrisio,doppio binario,,,Chiasso,"rilievo 2026-10-02: stessa linea di Chiasso - Balerna - Mendrisio, due binari; tratta diretta per i treni che non fermano a Balerna"
Mendrisio S. Martino - Capolago-Riva S.Vitale,doppio binario,,,Mendrisio S. Martino,"rilievo 2026-10-02: due binari; tratta finora senza numero di binari"
Castione - Bellinzona,doppio binario,,,Castione,"rilievo 2026-10-02: due binari; tratta finora senza numero di binari"
